[
    {
        "name": {
            "english": "Pikachu"
        },
        "type": [
            "Electric"
        ],
        "base": {
            "HP": 35,
            "Attack": 55,
            "Defense": 40,
            "Sp. Attack": 50,
            "Sp. Defense": 50,
            "Speed": 90
        }
    },
    {
        "name": {
            "english": "Charmander"
        },
        "type": [
            "Fire"
        ],
        "base": {
            "HP": 39,
            "Attack": 52,
            "Defense": 43,
            "Sp. Attack": 60,
            "Sp. Defense": 50,
            "Speed": 65
        }
    },
    {
        "name": {
            "english": "Squirtle"
        },
        "type": [
            "Water"
        ],
        "base": {
            "HP": 44,
            "Attack": 48,
            "Defense": 65,
            "Sp. Attack": 50,
            "Sp. Defense": 64,
            "Speed": 43
        }
    },
    {
        "name": {
            "english": "Lantern"
        },
        "type": [
            "Electric",
            "Water"
        ],
        "base": {
            "HP": 33,
            "Attack": 50,
            "Defense": 40,
            "Sp. Attack": 49,
            "Sp. Defense": 48,
            "Speed": 85
        }
    }
]